City_ID,City,Country,Lat,Lng,Max Temp,Humidity,Cloudiness,Wind Speed,Current Description
0,Avera,US,33.194,-82.5271,93.54,32,38,11.01,scattered clouds
1,Luderitz,NA,-26.6481,15.1594,55.69,79,1,12.19,clear sky
2,Hermanus,ZA,-34.4187,19.2345,57.61,57,3,6.11,clear sky
3,Cidreira,BR,-30.1811,-50.2056,61.18,77,53,12.03,broken clouds
4,Bambous Virieux,MU,-20.3428,57.7575,72.21,76,89,12.95,overcast clouds
5,Sept-Iles,CA,50.2001,-66.3821,49.35,60,64,10.85,broken clouds
6,Souillac,MU,-20.5167,57.5167,73.17,80,29,10.2,scattered clouds
7,Atuona,PF,-9.8,-139.0333,77.94,62,20,9.04,few clouds
8,Jamestown,US,42.097,-79.2353,66.02,75,100,13.8,overcast clouds
9,Albany,US,42.6001,-73.9662,59.27,88,100,6.53,overcast clouds
10,Ouadda,CF,8.0777,22.4007,70.57,87,100,3.18,overcast clouds
11,Gorontalo,ID,0.5412,123.0595,75.31,96,43,2.1,scattered clouds
12,Spisska Nova Ves,SK,48.9446,20.5615,59.99,80,47,4.09,scattered clouds
13,Severo-Kurilsk,RU,50.6789,156.125,41.4,92,99,3.38,overcast clouds
14,Mount Gambier,AU,-37.8333,140.7667,47.73,79,32,5.01,scattered clouds
15,Rikitea,PF,-23.1203,-134.9692,76.37,78,80,12.28,light rain
16,Gencsapati,HU,47.285,16.5958,56.93,59,8,8.32,clear sky
17,Butaritari,KI,3.0707,172.7902,81.27,69,100,13.71,overcast clouds
18,Sibolga,ID,1.7427,98.7792,77.02,89,26,3.15,scattered clouds
19,Ushuaia,AR,-54.8,-68.3,55.06,62,20,9.22,few clouds
20,Sao Filipe,CV,14.8961,-24.4956,77.11,64,11,10.13,few clouds
21,Olinda,BR,-8.0089,-34.8553,85.73,66,0,9.22,clear sky
22,Kinshasa,CD,-4.3246,15.3215,76.84,86,83,1.54,broken clouds
23,Thompson,CA,55.7435,-97.8558,47.3,39,100,12.68,overcast clouds
24,Jackson,US,42.4165,-122.8345,62.74,44,40,6.91,scattered clouds
25,Bavly,RU,54.393,53.2602,38.48,93,5,6.15,clear sky
26,Wattegama,LK,6.7989,81.4808,77.67,72,99,9.98,overcast clouds
27,Mataura,NZ,-46.1927,168.8643,39.47,95,99,6.04,moderate rain
28,Haftoni,AZ,38.7632,48.7622,65.91,100,0,12.66,clear sky
29,Flin Flon,CA,54.7682,-101.865,51.12,31,84,14.0,broken clouds
30,East London,ZA,-33.0153,27.9116,65.89,89,76,10.02,light rain
31,Clyde River,CA,70.4692,-68.5914,27.46,86,96,6.98,overcast clouds
32,Nouakchott,MR,18.0858,-15.9785,76.93,62,35,19.98,scattered clouds
33,Punta Arenas,CL,-53.15,-70.9167,44.62,100,75,5.75,broken clouds
34,Port Alfred,ZA,-33.5906,26.891,59.18,95,100,5.99,moderate rain
35,Dano,BF,11.15,-3.0667,94.1,29,100,1.79,overcast clouds
36,Emporia,US,38.4039,-96.1817,82.6,54,0,11.5,clear sky
37,Beihai,CN,21.4833,109.1,76.48,87,4,7.56,clear sky
38,Upernavik,GL,72.7868,-56.1549,30.33,83,49,10.31,scattered clouds
39,Manggar,ID,-2.8833,108.2667,79.77,85,86,3.13,overcast clouds
40,Lakselv,NO,70.0513,24.9718,37.22,70,100,5.75,overcast clouds
41,Smithers,CA,54.7804,-127.1743,53.58,60,32,4.52,scattered clouds
42,Busselton,AU,-33.65,115.3333,60.89,78,84,2.46,broken clouds
43,Mission,US,26.2159,-98.3253,95.97,58,40,20.71,scattered clouds
44,Turbat,PK,26.0023,63.044,89.47,41,0,3.53,clear sky
45,Ponta Do Sol,PT,32.6667,-17.1,72.12,78,98,3.51,overcast clouds
46,Pedernales,DO,18.0384,-71.744,88.2,56,100,3.24,overcast clouds
47,Inhambane,MZ,-23.865,35.3833,70.43,86,73,5.23,light rain
48,Qaanaaq,GL,77.484,-69.3632,27.84,87,100,7.36,overcast clouds
49,Adet,ET,11.2644,37.4888,68.36,36,33,8.86,scattered clouds
50,South Bend,US,41.6834,-86.25,81.41,59,0,16.11,clear sky
51,Sinnamary,GF,5.3833,-52.95,81.7,74,37,5.48,scattered clouds
52,Hue,VN,16.4667,107.6,77.11,94,20,0.0,few clouds
53,Hamilton,US,39.1834,-84.5333,83.61,69,40,10.36,scattered clouds
54,Alta Floresta,BR,-9.8756,-56.0861,74.57,40,58,2.84,broken clouds
55,Okahandja,NA,-21.9833,16.9167,56.68,69,7,12.17,clear sky
56,Barsovo,RU,61.1667,73.1667,48.33,90,43,8.84,scattered clouds
57,Zabol,AF,32.25,67.25,68.32,11,0,12.15,clear sky
58,Whyalla,AU,-33.0333,137.5833,54.7,57,0,9.73,clear sky
59,Rostovka,RU,55.3842,71.8891,53.96,54,71,15.03,broken clouds
60,Khatanga,RU,71.9667,102.5,19.94,93,76,4.76,broken clouds
61,Severomuysk,RU,56.1481,113.4267,34.72,86,24,6.46,few clouds
62,Kavieng,PG,-2.5744,150.7967,81.61,78,11,8.48,few clouds
63,Castro,BR,-24.7911,-50.0119,56.32,56,3,6.62,clear sky
64,Baruun-Urt,MN,46.6806,113.2792,59.5,26,42,8.55,scattered clouds
65,Bluff,NZ,-46.6,168.3333,39.79,71,100,19.28,overcast clouds
66,Saint-Philippe,RE,-21.3585,55.7679,71.19,76,42,11.21,scattered clouds
67,Waddan,LY,29.1614,16.139,79.59,25,0,17.36,clear sky
68,Nhulunbuy,AU,-12.2333,136.7667,75.81,88,0,4.61,clear sky
69,Cairns,AU,-16.9167,145.7667,74.07,93,75,8.05,broken clouds
70,Tilichiki,RU,60.4667,166.1,35.46,89,100,1.95,overcast clouds
71,Ibra,OM,22.6906,58.5334,86.13,34,0,3.36,clear sky
72,Bredasdorp,ZA,-34.5322,20.0403,52.95,57,19,4.38,few clouds
73,Veraval,IN,20.9,70.3667,82.08,78,6,14.5,clear sky
74,Kalispell,US,48.1958,-114.3129,44.49,63,100,11.01,overcast clouds
75,Mar Del Plata,AR,-38.0023,-57.5575,57.94,61,0,10.36,clear sky
76,Sladkovo,RU,55.5284,70.3385,51.49,70,84,15.46,broken clouds
77,Tautira,PF,-17.7333,-149.15,78.53,78,10,7.09,clear sky
78,Srednekolymsk,RU,67.45,153.6833,46.54,55,76,4.85,broken clouds
79,Rio Gallegos,AR,-51.6226,-69.2181,44.65,93,100,12.66,light intensity drizzle
80,Slave Lake,CA,55.2834,-114.769,40.06,96,100,9.28,overcast clouds
81,Buarcos,PT,40.166,-8.8768,66.67,75,100,11.79,overcast clouds
82,Hithadhoo,MV,-0.6,73.0833,83.03,75,66,12.15,broken clouds
83,Shingu,JP,33.7333,135.9833,62.51,54,100,4.9,overcast clouds
84,Arraial Do Cabo,BR,-22.9661,-42.0278,67.86,73,40,34.52,scattered clouds
85,Cherskiy,RU,68.75,161.3,45.84,72,37,5.86,scattered clouds
86,Provideniya,RU,64.3833,-173.3,38.75,85,100,4.54,overcast clouds
87,Georgetown,MY,5.4112,100.3354,82.33,83,20,0.0,few clouds
88,Nome,US,64.5011,-165.4064,30.27,100,100,6.91,mist
89,New Norfolk,AU,-42.7826,147.0587,42.91,76,2,2.57,clear sky
90,Lavrentiya,RU,65.5833,-171.0,33.24,96,92,6.96,overcast clouds
91,Sorland,NO,67.667,12.6934,44.46,82,42,8.37,scattered clouds
92,Hasaki,JP,35.7333,140.8333,61.2,78,95,15.26,overcast clouds
93,Coquimbo,CL,-29.9533,-71.3436,64.13,59,0,8.05,clear sky
94,Lebu,CL,-37.6167,-73.65,55.56,88,100,24.74,overcast clouds
95,Narsaq,GL,60.9167,-46.05,53.82,63,12,7.34,few clouds
96,Carnarvon,AU,-24.8667,113.6333,69.84,68,26,13.13,scattered clouds
97,Codrington,AU,-38.2667,141.9667,49.71,76,33,6.73,scattered clouds
98,Pembroke,CA,45.8168,-77.1162,58.17,55,100,6.04,overcast clouds
99,Lorengau,PG,-2.0226,147.2712,81.34,79,36,2.91,scattered clouds
100,Sisimiut,GL,66.9395,-53.6735,43.03,50,5,6.17,clear sky
101,Saint-Pierre,RE,-21.3393,55.4781,71.28,68,0,11.5,clear sky
102,Bonfim,BR,3.0833,-59.95,80.19,72,100,1.12,light rain
103,Saskylakh,RU,71.9167,114.0833,30.49,94,100,3.4,overcast clouds
104,Miri,MY,4.4148,114.0089,78.87,85,100,5.84,moderate rain
105,Paamiut,GL,61.994,-49.6678,35.26,88,59,5.06,broken clouds
106,Magomeni,TZ,-6.8,39.25,75.54,80,99,5.75,overcast clouds
107,Norman Wells,CA,65.282,-126.8329,46.44,66,40,10.36,scattered clouds
108,Sao Jose Da Coroa Grande,BR,-8.8978,-35.1478,81.72,78,96,15.17,overcast clouds
109,Hangu,CN,39.2489,117.7892,71.64,44,0,6.11,clear sky
110,Sidi Ali,DZ,36.0998,0.4206,80.26,45,28,5.61,scattered clouds
111,Buala,SB,-8.145,159.5921,79.23,79,2,0.94,clear sky
112,Avarua,CK,-21.2078,-159.775,78.15,77,32,17.63,light rain
113,Glossa,GR,35.4717,23.7763,61.09,67,7,20.83,clear sky
114,Kavaratti,IN,10.5669,72.642,82.99,75,100,8.59,overcast clouds
115,Nemuro,JP,43.3236,145.575,46.58,95,100,13.04,overcast clouds
116,Havoysund,NO,70.9963,24.6622,35.83,72,100,4.16,overcast clouds
117,Tiksi,RU,71.6872,128.8694,24.96,97,100,7.29,overcast clouds
118,Tuktoyaktuk,CA,69.4541,-133.0374,32.0,93,100,6.91,overcast clouds
119,Salinopolis,BR,-0.6136,-47.3561,78.84,87,100,7.23,overcast clouds
120,Safford,US,32.834,-109.7076,90.52,12,0,6.91,clear sky
121,Ixtapa,MX,20.7,-105.2,81.63,65,0,12.66,clear sky
122,Vaini,TO,-21.2,-175.2,75.36,78,40,6.91,scattered clouds
123,Batemans Bay,AU,-35.7167,150.1833,50.09,74,92,5.86,overcast clouds
124,Lata,PT,40.1629,-8.3327,69.93,54,100,3.83,overcast clouds
125,Naze,JP,28.3667,129.4833,68.65,85,100,13.67,heavy intensity rain
126,Pasni,PK,25.2631,63.471,82.65,85,0,12.77,clear sky
127,Hilo,US,19.7297,-155.09,92.28,85,75,11.99,broken clouds
128,College,US,64.8569,-147.8028,60.1,45,20,4.61,few clouds
129,Gedo,ET,9.0167,37.45,57.06,69,99,3.27,overcast clouds
130,Yulara,AU,-25.2406,130.9889,52.27,74,5,9.51,clear sky
131,Gamba,GA,-2.65,10.0,76.69,88,89,4.79,overcast clouds
132,Tuatapere,NZ,-46.1333,167.6833,43.32,85,100,11.74,overcast clouds
133,Nikolskoye,RU,59.7035,30.7861,49.89,61,0,2.84,clear sky
134,Logan Lake,CA,50.4998,-120.8025,39.22,70,100,9.33,overcast clouds
135,Krasnoselkup,RU,65.7,82.4667,50.04,80,97,14.85,overcast clouds
136,Malatya,TR,38.5,38.0,55.45,58,40,5.75,scattered clouds
137,Geraldton,AU,-28.7667,114.6,61.21,94,100,5.75,overcast clouds
138,Abu Samrah,SY,35.3029,37.1841,69.87,46,0,7.31,clear sky
139,Sitka,US,57.0531,-135.33,53.49,66,20,5.75,few clouds
140,Hobart,AU,-42.8794,147.3294,43.27,86,3,4.61,clear sky
141,Half Moon Bay,US,37.4636,-122.4286,84.54,56,0,24.16,haze
142,Kamaishi,JP,39.2667,141.8833,55.45,77,85,8.05,overcast clouds
143,Ahuimanu,US,21.4447,-157.8378,81.36,77,20,11.5,few clouds
144,Kaitangata,NZ,-46.2817,169.8464,43.29,90,100,11.92,overcast clouds
145,Dunedin,NZ,-45.8742,170.5036,46.8,60,100,7.0,overcast clouds
146,Fortuna,US,40.5982,-124.1573,59.09,70,75,16.11,broken clouds
147,Sechelt,CA,49.4664,-123.7694,57.45,63,85,10.69,overcast clouds
148,Beringovskiy,RU,63.05,179.3167,35.51,90,100,1.74,overcast clouds
149,Barrow,US,71.2906,-156.7887,24.82,86,100,18.41,light snow
150,Angoche,MZ,-16.2325,39.9086,75.34,72,5,4.59,clear sky
151,Navrongo,GH,10.8956,-1.0921,91.9,37,100,0.92,overcast clouds
152,Dudinka,RU,69.4058,86.1778,33.62,85,100,5.3,overcast clouds
153,La Rioja,ES,42.25,-2.5,76.78,46,100,5.66,overcast clouds
154,Fort Nelson,CA,58.8053,-122.7002,52.56,46,55,10.33,light rain
155,Nara,JP,34.6851,135.8049,63.7,48,100,1.72,overcast clouds
156,Charters Towers,AU,-20.1,146.2667,65.14,76,71,8.14,broken clouds
157,Viedma,AR,-40.8135,-62.9967,58.48,29,87,17.58,overcast clouds
158,Khotyn,UA,48.4833,26.5,54.41,68,100,3.47,overcast clouds
159,Lompoc,US,34.6391,-120.4579,84.69,63,0,11.5,clear sky
160,Pailon,BO,-17.65,-62.75,73.08,18,21,3.76,few clouds
161,Chapais,CA,49.7834,-74.8492,54.18,61,100,7.27,overcast clouds
162,Dikson,RU,73.5069,80.5464,30.54,77,100,13.51,overcast clouds
163,Pacific Grove,US,36.6177,-121.9166,75.15,70,0,11.99,clear sky
164,Iqaluit,CA,63.7506,-68.5145,29.7,80,100,4.0,overcast clouds
165,Oxbow,CA,49.2333,-102.1676,52.65,67,100,15.23,overcast clouds
166,Awjilah,LY,29.1081,21.2869,76.42,39,0,18.68,clear sky
167,Bria,CF,6.5423,21.9863,69.98,96,100,5.46,moderate rain
168,Agirish,RU,61.9247,63.0231,41.23,82,88,7.56,overcast clouds
169,Cortez,US,37.3489,-108.5859,81.36,13,0,16.11,clear sky
170,Port-Gentil,GA,-0.7193,8.7815,78.37,87,100,9.78,light rain
171,Salalah,OM,17.0151,54.0924,82.49,89,20,3.44,few clouds
172,Port Hedland,AU,-20.3167,118.5667,71.65,100,0,3.44,clear sky
173,Caravelas,BR,-17.7125,-39.2481,75.81,35,100,4.7,overcast clouds
174,Aksarka,RU,66.5606,67.7975,34.14,96,100,20.2,overcast clouds
175,Shelburne,CA,44.0787,-80.2041,62.91,65,14,11.41,few clouds
176,Sabang,ID,5.8933,95.3214,83.34,78,100,13.91,overcast clouds
177,Masvingo,ZW,-20.0637,30.8277,61.09,71,48,5.66,scattered clouds
178,Desaguadero,PE,-16.5656,-69.0417,53.24,26,100,3.98,overcast clouds
179,Aklavik,CA,68.2191,-135.0107,33.89,91,100,1.52,overcast clouds
180,Saint-Joseph,RE,-21.3667,55.6167,70.18,75,24,11.63,few clouds
181,Xinmin,CN,41.9908,122.8253,59.25,63,0,8.93,clear sky
182,Tarakan,ID,3.3,117.6333,80.91,81,96,3.47,overcast clouds
183,Bintulu,MY,3.1667,113.0333,79.7,84,100,4.72,overcast clouds
184,Coihaique,CL,-45.5752,-72.0662,43.41,81,100,4.61,overcast clouds
185,Santa Isabel Do Rio Negro,BR,-0.4139,-65.0192,69.69,98,100,1.95,overcast clouds
186,Koygorodok,RU,60.445,50.9968,33.49,72,76,3.29,broken clouds
187,Mahebourg,MU,-20.4081,57.7,72.25,76,78,12.35,broken clouds
188,Turkmenabat,TM,39.0733,63.5786,81.55,25,70,14.23,broken clouds
189,Cap Malheureux,MU,-19.9842,57.6142,72.46,79,63,1.99,broken clouds
190,Cayenne,GF,4.9333,-52.3333,84.24,1,75,6.91,broken clouds
191,Touros,BR,-5.1989,-35.4608,83.88,69,98,7.18,overcast clouds
192,Ugoofaaru,MV,5.6667,73.0,83.28,79,100,16.82,overcast clouds
193,Shar,KZ,49.5886,81.0453,61.23,70,74,2.04,broken clouds
194,Mecca,SA,21.4267,39.8261,90.1,29,0,4.99,clear sky
195,Likasi,CD,-10.9814,26.7333,64.33,71,33,1.03,scattered clouds
196,Champerico,GT,14.3,-91.9167,93.74,63,84,10.11,broken clouds
197,Washington,US,47.5001,-120.5015,55.89,31,78,14.58,broken clouds
198,Cape Town,ZA,-33.9258,18.4232,56.91,65,3,7.0,clear sky
199,Bethel,US,41.3712,-73.414,60.03,84,100,5.75,overcast clouds
200,Kapaa,US,22.0752,-159.319,79.12,87,40,12.66,scattered clouds
201,Prien,US,30.1819,-93.2738,90.01,55,0,17.27,clear sky
202,Taltal,CL,-25.4,-70.4833,64.02,69,12,5.08,few clouds
203,Kodiak,US,57.79,-152.4072,54.91,47,0,4.61,clear sky
204,Thinadhoo,MV,0.5333,72.9333,83.68,75,100,13.0,overcast clouds
205,Oudtshoorn,ZA,-33.5907,22.2014,52.47,82,100,1.23,overcast clouds
206,Grindavik,IS,63.8424,-22.4338,52.27,76,75,9.22,broken clouds
207,Port Elizabeth,ZA,-33.918,25.5701,56.1,87,100,15.3,light rain
208,Xixiang,CN,35.1628,112.865,63.36,68,100,3.74,overcast clouds
209,Faanui,PF,-16.4833,-151.75,80.47,69,0,8.7,clear sky
210,Cabo San Lucas,MX,22.8909,-109.9124,86.31,37,0,11.5,clear sky
211,Denpasar,ID,-8.65,115.2167,79.09,82,100,5.84,overcast clouds
212,Mutare,ZW,-18.9707,32.6709,61.84,75,99,3.0,overcast clouds
213,Tukrah,LY,32.5341,20.5791,64.99,77,32,21.74,scattered clouds
214,Shache,CN,38.4167,77.2406,74.57,31,100,8.05,overcast clouds
215,San Patricio,US,28.017,-97.5169,92.12,42,0,20.78,clear sky
216,Aitape,PG,-3.1374,142.3475,77.25,88,100,3.85,overcast clouds
217,Saint George,US,37.1041,-113.5841,93.63,12,0,16.11,clear sky
218,Chokurdakh,RU,70.6333,147.9167,31.96,92,100,4.68,overcast clouds
219,Ilulissat,GL,69.2167,-51.1,32.02,80,0,6.91,clear sky
220,Port Blair,IN,11.6667,92.75,81.72,80,100,17.54,moderate rain
221,Srikakulam,IN,18.3,83.9,84.87,81,100,11.86,light rain
222,Altus,US,34.6381,-99.334,101.52,26,0,12.66,clear sky
223,Kaeo,NZ,-35.1,173.7833,54.32,96,100,10.16,overcast clouds
224,Asau,RO,46.4333,26.4,54.52,65,21,3.94,few clouds
225,Mount Isa,AU,-20.7333,139.5,65.97,63,6,6.91,clear sky
226,Shubarkuduk,KZ,49.1447,56.4872,55.6,71,98,5.66,overcast clouds
227,Longyearbyen,SJ,78.2186,15.6401,30.04,74,75,12.66,broken clouds
228,Grand Forks,US,47.9417,-97.4337,58.73,67,100,0.0,moderate rain
229,Kuandian,CN,40.7286,124.7847,53.44,77,100,2.73,overcast clouds
230,Natal,BR,-5.795,-35.2094,86.65,66,20,13.8,few clouds
231,Murdochville,CA,48.9583,-65.5006,56.39,36,100,8.28,overcast clouds
232,Havelock,US,34.8791,-76.9013,92.98,77,12,8.01,few clouds
233,Kyaukse,MM,21.6,96.1333,84.56,65,92,5.5,overcast clouds
234,Vostok,RU,46.4856,135.8833,43.2,97,18,4.97,few clouds
235,Vila Franca Do Campo,PT,37.7167,-25.4333,63.01,82,39,14.0,scattered clouds
236,Svetlogorsk,BY,52.6333,29.7333,51.66,82,97,6.26,overcast clouds
237,Zaraza,VE,9.3503,-65.3245,99.16,22,58,8.43,broken clouds
238,Tainan,TW,22.9908,120.2133,75.87,84,96,2.91,overcast clouds
239,Bridlington,GB,54.0831,-0.1919,60.53,65,73,4.25,broken clouds
240,Nisia Floresta,BR,-6.0911,-35.2086,86.81,76,96,7.76,overcast clouds
241,Paciran,ID,-6.8767,112.3761,78.53,88,100,7.2,overcast clouds
242,Dingle,PH,10.9995,122.6711,78.12,86,68,4.59,broken clouds
243,Adrar,MR,20.5022,-10.0711,89.91,7,34,2.51,scattered clouds
244,Mnogovershinnyy,RU,53.9353,139.9242,29.59,93,96,2.48,overcast clouds
245,Bara,NG,10.3744,10.7288,87.78,46,100,2.98,overcast clouds
246,Zhigansk,RU,66.7697,123.3711,30.85,82,1,4.52,clear sky
247,Russell,US,32.3502,-85.1999,91.9,31,3,7.29,clear sky
248,Constantine,DZ,36.365,6.6147,80.01,38,20,12.66,few clouds
249,Pevek,RU,69.7008,170.3133,31.87,99,100,2.71,overcast clouds
250,Belaya Gora,RU,68.5333,146.4167,33.64,91,100,4.43,overcast clouds
251,La Romana,DO,18.4273,-68.9728,88.16,74,20,9.22,few clouds
252,Victoria,HK,22.2855,114.1577,78.85,80,83,5.99,broken clouds
253,Sun Valley,US,39.5963,-119.776,79.72,27,75,14.0,broken clouds
254,Ambilobe,MG,-13.2,49.05,70.88,82,100,3.65,overcast clouds
255,Davila,PH,18.4726,120.5763,77.79,90,100,15.75,overcast clouds
256,Sao Joao Da Barra,BR,-21.6403,-41.0511,75.29,42,0,9.33,clear sky
257,Kruisfontein,ZA,-34.0033,24.7314,53.89,91,100,11.12,light rain
258,Limbang,MY,4.75,115.0,77.11,99,100,3.11,light rain
259,Winona,US,43.9666,-91.7668,69.67,73,100,3.44,heavy intensity rain
260,Lutry,CH,46.5024,6.6865,75.76,62,96,5.12,overcast clouds
261,Hirara,JP,24.8,125.2833,76.42,87,100,19.46,moderate rain
262,Fengcheng,CN,40.4536,124.0717,53.11,90,92,0.98,overcast clouds
263,Garowe,SO,8.4054,48.4845,89.22,34,34,23.02,scattered clouds
264,Guerrero Negro,MX,27.9769,-114.0611,68.18,55,2,11.43,clear sky
265,Mahuva,IN,21.0914,71.7622,86.45,54,5,14.7,clear sky
266,La Ronge,CA,55.1001,-105.2842,45.25,56,98,13.89,overcast clouds
267,Pokhara,NP,28.2333,83.9833,72.88,51,0,8.08,clear sky
268,Eureka,US,40.8021,-124.1637,62.67,71,54,10.0,broken clouds
269,Ancud,CL,-41.8697,-73.8203,55.85,80,100,14.05,overcast clouds
270,Bengkulu,ID,-3.8004,102.2655,75.99,89,20,3.33,few clouds
271,Maceio,BR,-9.6658,-35.7353,85.44,74,40,10.36,scattered clouds
272,Tasiilaq,GL,65.6145,-37.6368,37.56,88,100,4.68,overcast clouds
273,Ghugus,IN,19.9333,79.1333,94.68,40,99,11.14,overcast clouds
274,Puerto Ayora,EC,-0.7393,-90.3518,84.16,89,84,3.0,broken clouds
275,Alofi,NU,-19.0595,-169.9187,78.42,79,100,20.09,light rain
276,Am Timan,TD,11.0297,20.2827,92.21,33,56,2.68,broken clouds
277,Kenai,US,60.5544,-151.2583,64.02,38,0,0.0,clear sky
278,Axim,GH,4.8699,-2.2405,79.43,87,100,7.31,light rain
279,Barcelos,PT,41.5388,-8.6151,69.91,68,100,5.61,overcast clouds
280,Qaqortoq,GL,60.7167,-46.0333,39.36,65,12,6.44,few clouds
281,Raahe,FI,64.6833,24.4833,42.89,80,6,1.95,clear sky
282,Nanortalik,GL,60.1432,-45.2371,38.52,66,8,10.65,clear sky
283,Sercaia,RO,45.8333,25.1333,50.13,69,7,4.56,clear sky
284,Doha,QA,25.2867,51.5333,96.78,19,0,12.66,clear sky
285,Laureles,US,26.1092,-97.4941,91.11,61,40,21.85,scattered clouds
286,Inyonga,TZ,-6.7167,32.0667,65.25,71,17,3.96,few clouds
287,Yellowknife,CA,62.456,-114.3525,44.56,39,0,11.01,clear sky
288,Correntina,BR,-13.3433,-44.6367,81.5,22,100,6.4,overcast clouds
289,Dire Dawa,ET,9.5931,41.8661,75.99,25,60,7.78,broken clouds
290,Pisco,PE,-13.7,-76.2167,70.02,73,20,9.22,few clouds
291,Bogorodskoye,RU,56.55,37.8833,38.73,89,9,4.74,clear sky
292,Chuy,UY,-33.6971,-53.4616,60.67,57,12,6.71,few clouds
293,Leningradskiy,RU,69.3833,178.4167,31.98,86,95,4.0,overcast clouds
294,Ust-Kan,RU,50.9276,84.761,50.9,87,3,3.8,clear sky
295,Neftcala,AZ,39.3742,49.2472,65.07,77,0,8.93,clear sky
296,Tigil,RU,57.8,158.6667,42.94,91,100,6.04,light rain
297,Constitucion,CL,-35.3333,-72.4167,55.17,89,100,17.43,overcast clouds
298,Kalevala,RU,65.2,31.1667,36.03,68,40,1.34,scattered clouds
299,Bajil,YE,15.0584,43.2851,90.32,34,6,3.98,clear sky
300,Energeticheskiy,KZ,43.4278,77.0222,59.56,77,40,4.47,scattered clouds
301,Marsh Harbour,BS,26.5412,-77.0636,80.82,73,53,2.91,broken clouds
302,Vredendal,ZA,-31.6683,18.5012,56.57,58,2,17.16,clear sky
303,Ribeira Grande,PT,38.5167,-28.7,64.8,68,20,12.66,few clouds
304,Port Macquarie,AU,-31.4333,152.9167,56.89,62,100,7.25,overcast clouds
305,Yantzaza,EC,-3.8278,-78.7594,73.81,81,91,3.38,light rain
306,Zhanjiang,CN,21.2815,110.3427,74.08,92,12,5.91,few clouds
307,Gao,ML,16.6362,1.637,93.0,6,2,8.05,clear sky
308,Saldanha,ZA,-33.0117,17.9442,58.96,62,1,18.07,clear sky
309,Genhe,CN,50.7833,121.5167,48.15,66,57,3.31,broken clouds
310,Meulaboh,ID,4.1363,96.1285,77.49,89,95,4.56,overcast clouds
311,Riyadh,SA,24.6877,46.7219,93.34,10,0,2.17,clear sky
312,Kapuskasing,CA,49.4169,-82.4331,49.68,83,100,4.27,overcast clouds
313,Naberera,TZ,-4.2,36.9333,58.28,93,45,7.25,scattered clouds
314,Auki,SB,-8.7676,160.7034,76.26,87,2,2.51,clear sky
315,Bossangoa,CF,6.4926,17.4552,77.31,73,92,3.44,overcast clouds
316,Airai,TL,-8.9266,125.4092,57.61,91,54,3.65,broken clouds
317,Praia Da Vitoria,PT,38.7333,-27.0667,60.26,79,11,13.53,few clouds
318,Atar,MR,20.5169,-13.0499,97.57,10,100,10.94,overcast clouds
319,Vao,NC,-22.6667,167.4833,75.45,82,44,20.67,scattered clouds
320,Sekoma,BW,-24.4,23.8833,63.54,39,17,7.96,few clouds
321,Sabalgarh,IN,26.25,77.4,95.99,11,0,2.26,clear sky
322,The Valley,AI,18.217,-63.0578,84.81,73,25,12.12,scattered clouds
323,Talnakh,RU,69.4865,88.3972,33.21,88,99,5.82,overcast clouds
324,Witu,KE,-2.3889,40.4382,77.77,82,75,10.49,broken clouds
325,Faya,SA,18.3851,42.4509,73.92,15,1,14.7,clear sky
326,Hambantota,LK,6.1241,81.1185,79.18,86,79,14.09,broken clouds
327,Doka,SD,13.5167,35.7667,94.55,21,9,6.89,clear sky
328,Beaumont,US,30.0861,-94.1019,91.11,49,40,16.11,scattered clouds
329,Cockburn Town,TC,21.4612,-71.1419,81.0,82,100,13.8,overcast clouds
330,Pathein,MM,16.7833,94.7333,79.56,84,100,7.36,moderate rain
331,Kadoma,JP,34.7333,135.5833,66.65,48,100,1.14,overcast clouds
332,Gornopravdinsk,RU,60.05,69.9,47.68,96,91,7.87,overcast clouds
333,Qufu,CN,35.5967,116.9911,60.76,67,0,3.6,clear sky
334,Broken Hill,AU,-31.95,141.4333,49.39,65,100,14.16,overcast clouds
335,Lakki Marwat,PK,32.6079,70.9114,93.22,18,0,10.56,clear sky
336,Satipo,PE,-11.2522,-74.6386,77.49,61,100,1.45,overcast clouds
337,Neuquen,AR,-38.9516,-68.0591,65.08,26,49,12.19,scattered clouds
338,Isangel,VU,-19.55,169.2667,76.14,93,100,16.82,moderate rain
339,Kiama,AU,-34.6833,150.8667,57.99,70,98,1.99,overcast clouds
340,Acapulco,MX,16.8634,-99.8901,85.82,62,0,12.66,clear sky
341,Ixtacomitan,MX,17.4167,-93.1,98.44,31,74,5.5,broken clouds
342,Talcahuano,CL,-36.7167,-73.1167,56.88,88,100,19.57,overcast clouds
343,Verkhoshizhemye,RU,58.011,49.1038,38.17,96,100,6.06,moderate rain
344,Sioux Lookout,CA,50.1001,-91.917,58.12,41,100,2.33,overcast clouds
345,Poum,NC,-20.2333,164.0167,78.12,77,5,7.02,clear sky
346,Subiaco,IT,41.9254,13.0941,67.82,60,4,0.94,clear sky
347,Darnah,LY,32.767,22.6367,65.68,77,87,11.88,overcast clouds
348,Bazarnyy Syzgan,RU,53.7512,46.7535,40.41,88,17,5.44,few clouds
349,Arlit,NE,18.7369,7.3853,85.96,30,98,22.82,overcast clouds
350,Katsuura,JP,35.1333,140.3,65.34,82,100,13.82,overcast clouds
351,Monmouth,US,40.3001,-74.1663,67.95,83,100,4.61,overcast clouds
352,Gogrial,SS,8.5332,28.1004,84.0,52,67,5.79,broken clouds
353,Zabaykalsk,RU,49.6333,117.3167,59.61,35,77,6.49,broken clouds
354,Hami,CN,42.8,93.45,76.14,15,0,12.55,clear sky
355,Binabalian,PH,16.4202,119.9279,78.48,87,100,10.02,light rain
356,Suruc,TR,36.9761,38.425,67.87,44,0,12.53,clear sky
357,San Juan,AR,-31.5375,-68.5364,65.23,21,1,8.61,clear sky
358,Torbay,CA,47.6666,-52.7314,46.44,75,42,17.05,scattered clouds
359,Olafsvik,IS,64.8945,-23.7142,46.72,85,91,10.02,overcast clouds
360,Laguna,US,38.421,-121.4238,88.29,27,0,14.97,clear sky
361,Ntoum,GA,0.3833,9.7833,74.55,97,100,0.16,light rain
362,Maracacume,BR,-2.0428,-45.9592,79.3,93,100,2.82,heavy intensity rain
363,Wawa,NG,9.9022,4.4192,89.11,43,69,3.24,broken clouds
364,Tiarei,PF,-17.5333,-149.3333,80.62,76,23,7.14,few clouds
365,Korla,CN,41.7597,86.1469,78.08,17,100,13.4,overcast clouds
366,Mount Vernon,US,40.9126,-73.8371,63.36,83,100,5.75,overcast clouds
367,Moshenskoye,RU,58.5102,34.5911,39.18,73,8,6.33,clear sky
368,Nouadhibou,MR,20.931,-17.0347,67.26,81,28,24.54,scattered clouds
369,Moron,AR,-34.6534,-58.6198,63.97,63,91,3.67,overcast clouds
370,Marrakesh,MA,31.6315,-8.0083,102.27,15,20,12.66,dust
371,Saint Anthony,US,45.0205,-93.218,72.93,48,75,11.5,broken clouds
372,Maragheh,IR,37.3917,46.2398,61.05,47,0,2.53,clear sky
373,Wagga Wagga,AU,-35.1167,147.3667,43.61,80,100,4.56,overcast clouds
374,Bilma,NE,18.6853,12.9164,93.38,19,99,6.67,overcast clouds
375,Saint-Augustin,CA,51.226,-58.6502,48.0,62,100,17.96,overcast clouds
376,Berlevag,NO,70.8578,29.0864,35.6,64,75,4.61,broken clouds
377,Del Rio,US,29.3627,-100.8968,96.24,46,0,11.99,clear sky
378,Vanimo,PG,-2.6741,141.3028,78.04,87,94,2.86,moderate rain
379,Ostrovnoy,RU,68.0531,39.5131,33.03,79,100,16.28,overcast clouds
380,Nabinagar,BD,23.8917,90.9733,75.45,94,100,15.68,moderate rain
381,Senador Jose Porfirio,BR,-2.5908,-51.9542,77.85,94,95,4.83,overcast clouds
382,Huarmey,PE,-10.0681,-78.1522,71.71,75,53,11.12,broken clouds
383,Vigrestad,NO,58.5667,5.7,53.96,91,100,4.16,overcast clouds
384,Windhoek,NA,-22.5594,17.0832,53.22,67,1,9.8,clear sky
385,Whitehorse,CA,60.7161,-135.0538,54.1,37,7,5.01,clear sky
386,Carrara,IT,44.0629,10.0607,73.65,46,97,1.01,overcast clouds
387,Daru,PG,-9.0763,143.2092,79.52,76,94,9.48,overcast clouds
388,Ucluelet,CA,48.9329,-125.5528,53.1,81,4,3.0,clear sky
389,Frederico Westphalen,BR,-27.3592,-53.3944,53.44,77,87,1.74,overcast clouds
390,Chenghai,CN,23.4632,116.768,71.46,87,28,2.68,scattered clouds
391,Sungai Padi,TH,6.0851,101.8766,74.52,95,100,2.68,overcast clouds
392,Broome,US,42.2506,-75.833,68.09,85,100,16.11,overcast clouds
393,Padang,ID,-0.9492,100.3543,78.35,79,100,2.24,light rain
394,Petropavlovsk-Kamchatskiy,RU,53.0452,158.6483,37.99,100,100,2.24,overcast clouds
395,Nanakuli,US,21.3906,-158.1547,81.61,78,100,8.05,light rain
396,Mackenzie,CA,55.2999,-123.1698,51.22,42,100,11.79,overcast clouds
397,Bukachacha,RU,52.9833,116.9167,49.89,62,0,4.43,clear sky
398,Susanville,US,40.4163,-120.653,72.66,29,0,13.8,clear sky
399,Galle,LK,6.0367,80.217,79.79,88,64,9.69,broken clouds
400,Cabedelo,BR,-6.9811,-34.8339,84.87,77,45,9.89,scattered clouds
401,Sola,VU,-13.8833,167.55,81.59,76,19,16.06,few clouds
402,Buncrana,IE,55.1333,-7.45,62.37,71,3,11.54,clear sky
403,San Rafael,AR,-34.6177,-68.3301,64.6,19,2,7.34,clear sky
404,Kangaatsiaq,GL,68.3065,-53.4641,32.13,81,11,11.34,few clouds
405,San Javier,ES,37.8063,-0.8374,77.22,70,0,16.11,clear sky
406,Aketi,CD,2.7388,23.7833,73.51,91,98,1.7,overcast clouds
407,Savinka,RU,50.0785,47.0994,55.54,69,100,1.72,overcast clouds
408,Acarau,BR,-2.8856,-40.12,82.09,78,95,6.89,overcast clouds
409,La Asuncion,VE,11.0333,-63.8628,83.1,67,26,18.39,scattered clouds
410,Kalininsk,RU,51.5,44.4758,47.5,74,34,5.53,scattered clouds
411,Manono,CD,-7.3,27.4167,73.9,59,42,5.26,scattered clouds
412,Esperance,AU,-33.8667,121.9,61.12,71,38,6.98,scattered clouds
413,Klaksvik,FO,62.2266,-6.589,49.12,97,100,22.44,light rain
414,Talara,PE,-4.5772,-81.2719,81.36,57,0,14.97,clear sky
415,Cumpas,MX,29.9833,-109.7833,89.73,13,0,10.45,clear sky
416,Dubbo,AU,-32.25,148.6167,42.93,87,100,11.5,overcast clouds
417,Baijiantan,CN,45.6333,85.1833,73.27,45,100,24.4,overcast clouds
418,Toluviejo,CO,9.4508,-75.4386,85.01,71,100,4.54,overcast clouds
419,Hervey Bay,AU,-25.2986,152.8535,71.02,79,100,4.0,overcast clouds
420,Sinazongwe,ZM,-17.2614,27.4618,72.75,53,98,3.8,overcast clouds
421,Maniitsoq,GL,65.4167,-52.9,39.47,63,2,9.04,clear sky
422,Khangarh,PK,29.9173,71.1618,100.47,7,4,8.05,clear sky
423,Ola,RU,59.5833,151.2833,35.15,99,100,5.06,light snow
424,Fallon,US,39.4735,-118.7774,80.47,20,75,9.22,broken clouds
425,Los Llanitos,HN,13.2869,-87.3344,91.78,50,72,7.61,broken clouds
426,Hailey,US,43.5196,-114.3153,48.79,21,0,25.01,clear sky
427,Smidovich,RU,48.6,133.8167,41.7,89,86,8.1,overcast clouds
428,Guatire,VE,10.4762,-66.5427,92.7,39,100,6.42,overcast clouds
429,Lillooet,CA,50.6856,-121.942,49.73,73,100,5.21,overcast clouds
430,Bafoulabe,ML,13.8065,-10.8321,102.99,9,77,4.41,broken clouds
431,Morehead,US,37.2711,-87.1764,86.95,63,40,13.8,scattered clouds
432,Gravdal,NO,68.1214,13.5031,48.09,66,0,4.61,clear sky
433,Porangatu,BR,-13.4408,-49.1486,79.23,17,46,7.99,scattered clouds
434,Okhotsk,RU,59.3833,143.3,36.39,85,84,1.81,broken clouds
435,Parintins,BR,-2.6283,-56.7358,75.13,89,100,1.43,overcast clouds
436,Rabo De Peixe,PT,37.8,-25.5833,62.11,72,40,17.27,scattered clouds
437,Byron Bay,AU,-28.65,153.6167,57.7,71,100,12.39,overcast clouds
438,Ruteng,ID,-8.6136,120.4721,62.49,95,46,2.48,scattered clouds
439,Westport,US,41.1415,-73.3579,60.62,89,100,8.05,overcast clouds
440,Florence,IT,43.7667,11.25,76.68,53,0,9.22,clear sky
441,Haines Junction,CA,60.7522,-137.5108,50.61,43,10,3.09,clear sky
442,Estelle,US,29.8458,-90.1067,91.99,53,20,9.22,few clouds
443,Imbituba,BR,-28.24,-48.6703,67.86,68,14,17.0,few clouds
444,Katherine,AU,-14.4667,132.2667,70.12,60,4,3.44,clear sky
445,Ust-Kuyga,RU,70.0167,135.6,31.93,93,99,3.53,overcast clouds
446,Atambua,ID,-9.1061,124.8925,71.28,89,18,5.32,few clouds
447,Banda Aceh,ID,5.5577,95.3222,80.62,81,100,8.84,overcast clouds
448,Maykopskoye,RU,45.3936,40.7658,49.37,68,42,15.57,scattered clouds
449,Nurota,UZ,40.5614,65.6886,70.88,22,100,8.72,overcast clouds
450,Yen Bai,VN,21.7,104.8667,75.29,93,100,2.71,overcast clouds
451,Tefe,BR,-3.3542,-64.7114,86.11,54,0,6.91,clear sky
452,Nexo,DK,55.0607,15.1306,62.69,90,100,11.16,overcast clouds
453,Ransang,PH,8.9603,117.5828,79.54,86,30,3.29,scattered clouds
454,North Platte,US,41.1239,-100.7654,88.12,19,0,18.41,clear sky
455,The Pas,CA,53.8251,-101.2541,51.12,40,100,12.55,overcast clouds
456,Iwanai,JP,42.9744,140.5089,52.61,95,94,2.35,overcast clouds
457,Dubovskoye,RU,47.4092,42.7575,51.75,72,100,9.51,overcast clouds
458,Virginia Beach,US,36.8529,-75.978,89.65,51,75,12.66,broken clouds
459,Sri Aman,MY,1.2376,111.4621,73.98,100,98,0.81,overcast clouds
460,Chabahar,IR,25.2919,60.643,85.19,70,0,4.07,clear sky
461,Chicama,PE,-7.8447,-79.1469,64.94,60,21,11.01,few clouds
462,Ust-Nera,RU,64.5667,143.2,30.97,93,75,4.61,broken clouds
463,Karakol,KG,42.4907,78.3936,50.63,65,15,3.76,few clouds
464,Ilhabela,BR,-23.7781,-45.3581,64.02,76,88,14.18,overcast clouds
465,Bentiu,SS,9.2333,29.8333,87.91,47,98,6.69,overcast clouds
466,Lindi,TZ,-10.0,39.7167,71.58,94,87,3.67,light rain
467,Vestmannaeyjar,IS,63.4427,-20.2734,49.19,93,100,21.85,fog
468,Kodyma,UA,48.0988,29.1246,52.47,70,42,6.13,scattered clouds
469,Tabou,CI,4.423,-7.3528,79.23,85,100,9.42,light rain
470,Mbalmayo,CM,3.5167,11.5,69.12,99,100,4.18,light rain
471,Ojinaga,MX,29.5667,-104.4167,101.57,13,0,5.75,clear sky
472,Alexandria,EG,31.2156,29.9553,75.42,47,1,14.63,clear sky
473,Ensenada,MX,31.8667,-116.6167,63.95,77,27,8.46,scattered clouds
474,Itoman,JP,26.1247,127.6694,73.78,94,75,12.66,light rain
475,Sambava,MG,-14.2667,50.1667,72.18,80,95,10.76,overcast clouds
476,Diego De Almagro,CL,-26.3667,-70.05,70.75,28,0,8.52,clear sky
477,Astakos,GR,38.5356,21.0814,63.41,41,0,7.49,clear sky
478,Ikalamavony,MG,-21.15,46.5833,61.75,83,74,5.35,broken clouds
479,Acajutla,SV,13.5928,-89.8275,85.53,64,74,6.55,broken clouds
480,Roebourne,AU,-20.7833,117.1333,74.52,73,0,6.29,clear sky
481,Ukiah,US,39.1502,-123.2078,80.44,35,0,12.66,clear sky
482,Banjar,ID,-8.19,114.9675,77.83,89,100,3.02,overcast clouds
483,Samarai,PG,-10.6167,150.6667,81.05,76,25,5.57,scattered clouds
484,Leo,BF,11.1,-2.1,90.59,36,47,7.76,scattered clouds
485,Tura,IN,25.5198,90.2201,70.12,92,100,7.16,moderate rain
486,Port Lincoln,AU,-34.7333,135.8667,57.15,62,0,15.21,clear sky
487,Kargasok,RU,59.0556,80.8572,52.27,76,100,10.13,overcast clouds
488,Deputatskiy,RU,69.3,139.9,25.99,98,100,3.56,overcast clouds
489,Abnub,EG,27.2696,31.1511,86.54,11,100,10.98,overcast clouds
490,Fort Myers Beach,US,26.452,-81.9481,94.01,60,0,6.91,clear sky
491,Vizinga,RU,61.0749,50.1031,33.01,81,21,4.59,few clouds
492,Neman,RU,55.0311,22.0264,58.82,75,100,5.75,overcast clouds
493,Port Hawkesbury,CA,45.6169,-61.3485,59.92,46,0,8.01,clear sky
494,Dwarka,IN,22.2394,68.9678,82.35,76,2,14.83,clear sky
495,Vila Velha,BR,-20.3297,-40.2925,76.95,44,0,10.36,clear sky
496,Mao,ES,39.8885,4.2658,72.16,60,0,8.05,clear sky
497,Rio Grande,BR,-32.035,-52.0986,62.71,72,53,12.86,broken clouds
498,Maragogi,BR,-9.0122,-35.2225,81.14,80,98,15.59,overcast clouds
499,Bijapur,IN,16.8333,75.7,75.65,79,100,16.69,overcast clouds
500,Sainte-Anne-Des-Monts,CA,49.124,-66.4924,52.09,55,34,5.84,scattered clouds
501,Pouembout,NC,-21.1333,164.9,72.52,91,4,5.48,clear sky
502,Okha,RU,53.5739,142.9478,33.69,87,100,4.47,overcast clouds
503,Santa Marta De Tormes,ES,40.9506,-5.6272,78.82,43,0,5.75,clear sky
504,Tevaitoa,PF,-16.7833,-151.5,80.24,73,13,8.93,few clouds
505,Puerto Madryn,AR,-42.7692,-65.0385,61.36,28,7,4.0,clear sky
506,Campos Novos,BR,-27.4017,-51.225,48.6,81,63,3.6,broken clouds
507,Jimo,CN,36.3897,120.4622,65.16,61,73,4.61,broken clouds
508,Ponorogo,ID,-7.8685,111.462,75.43,93,94,3.22,overcast clouds
509,Santiago,CL,-33.4569,-70.6483,66.29,45,40,4.61,scattered clouds
510,Wukari,NG,7.85,9.7833,78.35,76,83,5.5,broken clouds
511,Lithgow,AU,-33.4833,150.15,40.3,89,100,5.37,overcast clouds
512,Wellington,NZ,-41.2866,174.7756,55.06,89,75,20.71,moderate rain
513,Itupiranga,BR,-5.1347,-49.3267,84.52,51,52,5.06,broken clouds
514,Cootamundra,AU,-34.65,148.0333,41.95,79,100,8.43,overcast clouds
515,Andenes,NO,69.3143,16.1194,42.78,75,0,9.22,clear sky
516,Samandag,TR,36.0842,35.9771,68.52,85,0,2.46,clear sky
517,General Roca,AR,-39.0333,-67.5833,65.62,24,100,7.81,overcast clouds
518,Labrea,BR,-7.2586,-64.7981,83.39,40,32,2.51,scattered clouds
519,Gwadar,PK,25.1216,62.3254,83.03,86,0,7.23,clear sky
520,Comodoro Rivadavia,AR,-45.8667,-67.5,49.86,81,20,5.75,few clouds
521,Metro,ID,-5.1131,105.3067,74.93,92,87,5.44,light rain
522,Qasigiannguit,GL,68.8193,-51.1922,32.25,65,0,3.8,clear sky
523,Candelaria,PH,13.9311,121.4233,77.9,90,100,2.53,overcast clouds
524,Mahajanga,MG,-15.7167,46.3167,75.22,64,20,5.75,few clouds
525,Ballina,AU,-28.8667,153.5667,57.78,69,100,12.86,overcast clouds
526,Truth Or Consequences,US,33.1284,-107.2528,92.91,7,0,13.8,clear sky
527,Pemangkat,ID,1.1667,108.9667,80.8,76,100,1.25,overcast clouds
528,Hobyo,SO,5.3505,48.5268,80.47,79,100,26.11,overcast clouds
529,Kashi,CN,39.4547,75.9797,72.28,35,87,6.2,overcast clouds
530,Hvide Sande,DK,56.0045,8.1294,57.09,95,100,5.73,overcast clouds
531,Malia,GR,35.2833,25.4667,64.81,68,44,16.04,scattered clouds
532,Toyooka,JP,35.5333,134.8333,61.66,60,100,4.45,overcast clouds
533,Paita,PE,-5.0892,-81.1144,74.03,69,6,17.58,clear sky
534,Avallon,FR,47.4833,3.9,63.82,90,100,5.68,overcast clouds
535,Linxia,CN,35.6003,103.2064,53.01,63,83,1.61,broken clouds
536,Nha Trang,VN,12.25,109.1833,80.6,92,100,4.09,overcast clouds
537,Ciudad Bolivar,VE,8.1222,-63.5497,96.42,26,99,5.32,overcast clouds
538,Grahamstown,ZA,-33.3042,26.5328,52.95,96,100,18.99,moderate rain
539,Yerbogachen,RU,61.2767,108.0108,43.81,71,3,10.33,clear sky
540,Peniche,PT,39.3558,-9.3811,67.28,77,100,16.51,overcast clouds
541,Svelgen,NO,61.7685,5.2955,57.13,87,96,8.23,overcast clouds
542,Piranhas,BR,-16.4269,-51.8222,75.61,21,88,4.88,overcast clouds
543,Puke,AL,42.0444,19.8997,58.86,60,0,6.67,clear sky
544,Talakan,RU,50.3167,130.3667,47.52,61,99,5.44,overcast clouds
545,Beyneu,KZ,45.3167,55.2,75.09,32,9,7.78,clear sky
546,Waipawa,NZ,-41.4122,175.5153,54.46,72,26,22.82,light rain
547,Dawei,MM,14.0833,98.2,78.35,95,100,14.54,very heavy rain
548,Kieta,PG,-6.2167,155.6333,78.53,82,3,2.8,clear sky
549,Namatanai,PG,-3.6667,152.4333,78.85,81,16,4.34,few clouds
550,Te Anau,NZ,-45.4167,167.7167,39.67,92,98,2.01,light rain
551,Bouafle,CI,6.9904,-5.7442,82.26,66,100,5.5,overcast clouds
552,Halifax,CA,44.6453,-63.5724,65.68,42,4,15.99,clear sky
553,Biankouma,CI,7.7391,-7.6138,76.84,78,100,2.44,light rain
554,Nevsehir,TR,38.9167,34.6667,45.61,87,75,6.91,broken clouds
555,Holme,DK,56.1138,10.1725,60.37,84,100,8.75,overcast clouds
556,Kayes,ML,14.0,-11.0,103.53,8,100,3.94,overcast clouds
557,Pangnirtung,CA,66.1451,-65.7125,35.06,92,100,1.1,overcast clouds
558,Fairbanks,US,64.8378,-147.7164,60.1,44,40,4.61,scattered clouds
559,Jeremoabo,BR,-10.075,-38.4808,86.67,50,100,9.66,overcast clouds
560,Alice Springs,AU,-23.7,133.8833,44.15,100,0,0.0,clear sky
561,Miraflores,MX,19.2167,-98.8083,81.25,19,18,4.43,few clouds
562,Lasa,IT,46.6166,10.7002,61.81,89,92,4.07,overcast clouds
563,Scalea,IT,39.813,15.7956,65.19,54,0,13.31,clear sky
564,Poddorye,RU,57.4695,31.1156,46.96,83,100,5.93,overcast clouds
565,Caceres,ES,39.522,-6.3748,82.62,34,89,5.97,overcast clouds
566,Vilyuysk,RU,63.7553,121.6247,36.03,96,16,6.2,few clouds
567,Santa Cruz,BO,-17.8,-63.1667,71.65,30,18,5.75,few clouds
568,Dillon,US,34.4166,-79.3712,97.25,32,3,13.0,clear sky
569,Verkh-Usugli,RU,52.7,115.1667,48.27,71,13,3.98,few clouds
570,Dukat,RU,62.55,155.55,28.09,97,100,5.01,overcast clouds
571,Bowen,AU,-20.0167,148.2333,70.68,86,95,11.56,overcast clouds
572,Vanderhoof,CA,54.0166,-124.0198,56.37,38,56,7.05,broken clouds
573,Bugko,PH,12.5356,124.7923,76.39,93,76,5.46,broken clouds
574,Berbera,SO,10.4396,45.0143,91.53,43,74,0.94,broken clouds
575,Los Llanos De Aridane,ES,28.6585,-17.9182,67.75,89,75,10.36,broken clouds
576,Vitim,RU,59.4511,112.5578,49.32,70,96,11.18,overcast clouds
577,Puerto Baquerizo Moreno,EC,-0.9,-89.6,79.79,74,20,19.57,few clouds
578,Carlsbad,US,33.1581,-117.3506,80.08,74,100,9.22,overcast clouds
579,Platanos,GR,37.6667,21.6167,59.65,46,0,6.73,clear sky
580,Siilinjarvi,FI,63.0833,27.6667,46.42,57,0,5.75,clear sky
581,Goderich,CA,43.7501,-81.7165,60.91,87,58,8.43,broken clouds
582,Aswan,EG,24.0934,32.907,91.62,9,1,14.99,clear sky
583,Prince Rupert,CA,54.3161,-130.3201,48.29,87,100,3.44,overcast clouds
584,Erenhot,CN,43.6475,111.9767,64.85,24,0,6.8,clear sky
585,Rincon De La Victoria,ES,36.7172,-4.2758,78.35,61,82,1.54,broken clouds
586,Policka,CZ,49.7146,16.2654,53.91,63,77,11.07,broken clouds
587,Kahului,US,20.8947,-156.47,84.22,54,20,11.5,few clouds
588,Marfino,RU,55.7028,37.3822,46.65,81,0,4.47,clear sky
589,Risti,EE,58.9975,24.058,54.54,64,92,5.59,overcast clouds
590,Searcy,US,35.2506,-91.7363,85.98,60,0,19.57,clear sky
591,Tumen,CN,42.9661,129.8425,51.35,94,90,3.6,overcast clouds
592,San Jeronimo,PE,-11.9472,-75.2829,62.73,39,99,4.21,overcast clouds
593,Zhanaozen,KZ,43.3,52.8,71.04,35,6,4.79,clear sky
594,Nioro,GM,13.35,-15.75,92.66,29,32,16.93,scattered clouds
595,Diamantino,BR,-14.4086,-56.4461,72.93,29,71,8.03,broken clouds
596,Pontian Kecil,MY,1.4801,103.3899,80.58,80,39,0.76,scattered clouds
597,Tombouctou,ML,20.0,-3.0,98.2,7,100,9.89,overcast clouds
598,Komsomolskiy,UZ,40.4272,71.7189,72.32,53,18,2.3,few clouds
599,Ranfurly,NZ,-45.1333,170.1,37.44,89,100,3.83,overcast clouds
600,Namibe,AO,-15.1961,12.1522,67.73,81,4,12.53,clear sky
601,Eyl,SO,7.9803,49.8164,81.7,73,86,26.42,overcast clouds
602,Aleksandrovka,UA,46.8383,32.7612,57.9,55,100,7.38,overcast clouds
603,Beloha,MG,-25.1667,45.05,68.83,78,0,8.23,clear sky
604,Tiznit,MA,29.5833,-9.5,78.58,39,4,4.5,clear sky
605,Nishihara,JP,26.1842,127.7558,73.06,94,75,13.8,light rain
606,Peleduy,RU,59.6289,112.7406,49.08,70,100,11.52,overcast clouds
607,Coos Bay,US,43.3665,-124.2179,57.99,80,100,12.66,overcast clouds
608,Langsa,ID,4.4683,97.9683,75.33,97,100,2.21,overcast clouds
609,Swan River,CA,52.1058,-101.2676,42.98,84,100,17.07,moderate rain
610,Copiapo,CL,-27.3667,-70.3333,60.49,43,0,4.76,clear sky
611,Road Town,VG,18.4167,-64.6167,84.29,70,40,8.05,scattered clouds
612,Quartz Hill,US,34.6453,-118.2181,91.69,20,0,26.46,clear sky
613,Salaga,GH,8.5508,-0.5188,84.38,58,4,11.81,clear sky
614,Karratha,AU,-20.7377,116.8463,74.19,74,0,6.93,clear sky
615,Semnan,IR,35.5729,53.3971,75.74,26,0,6.11,clear sky
616,Emba,KZ,48.8264,58.1442,57.4,57,64,6.8,broken clouds
617,Blagoyevo,RU,63.3667,47.9167,36.7,75,100,5.5,overcast clouds
618,Kargopol,RU,61.5071,38.9456,31.77,89,8,5.44,clear sky
619,Shakhovskaya,RU,56.0283,35.5097,44.4,87,100,5.99,overcast clouds
620,Bandarbeyla,SO,9.4942,50.8122,82.4,77,100,13.87,overcast clouds
621,Key West,US,24.5557,-81.7826,91.4,70,0,10.36,clear sky
622,Montepuez,MZ,-13.1256,38.9997,68.9,88,100,5.44,overcast clouds
623,Riberalta,BO,-10.9833,-66.1,77.2,41,95,11.5,overcast clouds
624,Puerto Escondido,MX,15.85,-97.0667,90.43,62,0,5.75,clear sky
625,Yenagoa,NG,4.9247,6.2642,76.89,92,100,4.16,light rain
626,Phuket,TH,8.0,98.25,87.13,94,20,2.3,few clouds
627,Mlonggo,ID,-6.5333,110.7,77.2,81,61,3.65,broken clouds
628,Nador,MA,35.174,-2.9287,69.87,94,100,5.75,overcast clouds
629,Effingham,US,32.3669,-81.3332,95.85,31,5,9.62,clear sky
630,Cooma,AU,-36.2333,149.1333,33.15,95,2,2.91,clear sky
631,Huanren,CN,41.2647,125.3667,51.6,94,94,3.87,light rain
632,Vysokogornyy,RU,50.1167,139.15,39.76,99,100,3.27,overcast clouds
633,Itanhaem,BR,-24.1831,-46.7889,66.43,60,57,12.44,broken clouds
634,Moyale,KE,3.5167,39.0584,66.47,77,8,5.23,clear sky
635,Ochakiv,UA,46.6128,31.5498,60.98,58,100,10.13,overcast clouds
636,Lakes Entrance,AU,-37.8811,147.981,54.57,69,100,6.67,overcast clouds
637,Shkotovo,RU,43.3319,132.3625,45.68,93,25,4.47,scattered clouds
638,Sembakung,ID,3.8167,117.25,73.53,99,100,2.15,overcast clouds
639,Nova Odesa,UA,47.3078,31.7851,55.65,65,75,7.02,broken clouds
640,Dakar,SN,14.6937,-17.4441,79.68,78,0,16.11,clear sky
641,Dustlik,UZ,40.5247,68.0358,72.0,50,100,1.54,overcast clouds
642,Siklos,HU,45.855,18.2975,63.64,39,0,5.75,clear sky
643,Sikonge,TZ,-5.6333,32.7667,66.87,51,23,3.4,few clouds
644,Imari,JP,33.2667,129.8833,63.82,59,100,2.77,light rain
645,Husavik,IS,66.0449,-17.3389,51.1,68,20,14.25,few clouds
646,Zavitinsk,RU,50.1167,129.45,51.17,51,100,10.02,overcast clouds
647,Port Said,EG,31.2565,32.2841,72.21,71,0,11.05,clear sky
648,Alugan,PH,12.2188,125.4808,79.92,84,100,9.4,overcast clouds
649,Zyryanka,RU,65.75,150.85,45.05,53,100,1.45,overcast clouds
650,Lucea,JM,18.451,-78.1736,85.86,75,100,12.1,overcast clouds
651,Kungurtug,RU,50.5994,97.5228,52.81,54,19,2.37,few clouds
652,Lich,DE,50.5209,8.8157,65.75,90,100,4.07,light rain
653,Port Hardy,CA,50.6996,-127.4199,51.98,62,40,12.66,scattered clouds
654,Benjamin Hill,MX,30.1667,-111.1,86.77,15,0,11.77,clear sky
655,Leh,IN,34.1667,77.5833,48.85,47,97,7.61,overcast clouds
656,Hokitika,NZ,-42.7167,170.9667,50.76,91,100,21.63,moderate rain
657,Kazerun,IR,29.6195,51.6541,80.42,10,0,3.44,clear sky
658,Ahipara,NZ,-35.1667,173.1667,62.13,79,100,14.38,overcast clouds
659,Presidencia Roque Saenz Pena,AR,-26.7852,-60.4388,66.16,41,0,6.96,clear sky
660,Evensk,RU,61.95,159.2333,37.4,93,100,11.83,overcast clouds
661,Shanghai,CN,31.2222,121.4581,66.07,74,0,4.47,clear sky
662,Oktyabrskiy,RU,54.4815,53.471,38.57,93,5,6.15,clear sky
663,Espanola,US,35.9911,-106.0806,89.28,9,21,5.01,few clouds
664,Filingue,NE,14.3521,3.3168,95.61,8,0,6.42,clear sky
665,Gejiu,CN,23.306,103.1635,56.62,97,59,3.89,broken clouds
666,Myitkyina,MM,25.3833,97.4,69.62,93,18,2.66,few clouds
667,Ladybrand,ZA,-29.1945,27.4574,54.18,45,74,4.5,broken clouds
668,Terrace Bay,CA,48.7834,-87.1,47.01,83,100,2.59,overcast clouds
669,Tanete,ID,-3.9443,119.7848,73.85,95,98,4.03,overcast clouds
670,Bathsheba,BB,13.2167,-59.5167,86.61,66,20,18.41,few clouds
671,Turukhansk,RU,65.8167,87.9833,47.84,61,35,12.93,scattered clouds
672,Flinders,AU,-34.5833,150.8552,53.06,71,96,10.8,light rain
673,Sergeyevka,KZ,53.88,67.4158,49.71,62,56,10.29,broken clouds
674,Usinsk,RU,65.9939,57.5281,33.82,73,77,16.42,broken clouds
675,Vanavara,RU,60.34,102.2797,47.05,73,60,3.0,broken clouds
676,Novodmitriyevskaya,RU,44.8347,38.8772,52.9,73,28,9.01,scattered clouds
677,Quatre Cocos,MU,-20.2078,57.7625,75.31,77,87,13.85,overcast clouds
